<edmx:Edmx
    xmlns:edmx="http://schemas.microsoft.com/ado/2007/06/edmx"
    xmlns:m="http://schemas.microsoft.com/ado/2007/08/dataservices/metadata"
    xmlns:sap="http://www.sap.com/Protocols/SAPData" Version="1.0">
    <edmx:DataServices m:DataServiceVersion="2.0">
        <Schema
            xmlns="http://schemas.microsoft.com/ado/2008/09/edm" Namespace="ZNOTIFICATION_DEMO_SRV" xml:lang="en" sap:schema-version="0000">
            <EntityType Name="Equipment" sap:content-version="1">
                <Key>
                    <PropertyRef Name="EquipmentID"/>
                </Key>
                <Property Name="EquipmentID" Type="Edm.String" Nullable="false" MaxLength="18" sap:label="Equipment" sap:creatable="false" sap:updatable="false" sap:sortable="false" sap:filterable="false"/>
                <Property Name="Descript" Type="Edm.String" Nullable="false" MaxLength="40" sap:label="Description" sap:creatable="false" sap:updatable="false" sap:sortable="false" sap:filterable="false"/>
                <Property Name="Equicatgry" Type="Edm.String" Nullable="false" MaxLength="1" sap:label="EquipCategory" sap:creatable="false" sap:updatable="false" sap:sortable="false" sap:filterable="false"/>
                <Property Name="Planplant" Type="Edm.String" Nullable="false" MaxLength="4" sap:label="Planning plant" sap:creatable="false" sap:updatable="false" sap:sortable="false" sap:filterable="false"/>
                <Property Name="Maintplant" Type="Edm.String" Nullable="false" MaxLength="4" sap:label="MaintPlant" sap:creatable="false" sap:updatable="false" sap:sortable="false" sap:filterable="false"/>
                <Property Name="Plangroup" Type="Edm.String" Nullable="false" MaxLength="3" sap:label="Planner group" sap:creatable="false" sap:updatable="false" sap:sortable="false" sap:filterable="false"/>
                <Property Name="Sortfield" Type="Edm.String" Nullable="false" MaxLength="30" sap:label="Sort field" sap:creatable="false" sap:updatable="false" sap:sortable="false" sap:filterable="false"/>
                <Property Name="Searchstring" Type="Edm.String" Nullable="false" MaxLength="30" sap:label="30 Characters" sap:creatable="false" sap:updatable="false" sap:sortable="false" sap:filterable="false"/>
                <Property Name="UserName" Type="Edm.String" Nullable="false" MaxLength="12" sap:label="User Name" sap:creatable="false" sap:updatable="false" sap:sortable="false" sap:filterable="false"/>
                <Property Name="FullName" Type="Edm.String" Nullable="false" sap:label="FULL_NAME" sap:creatable="false" sap:updatable="false" sap:sortable="false" sap:filterable="false"/>
            </EntityType>
            <EntityType Name="FunctionalLoc" sap:content-version="1">
                <Key>
                    <PropertyRef Name="Functlocation"/>
                </Key>
                <Property Name="Functlocation" Type="Edm.String" Nullable="false" MaxLength="30" sap:label="Functional loc." sap:creatable="false" sap:updatable="false" sap:sortable="false" sap:filterable="false"/>
                <Property Name="Descript" Type="Edm.String" Nullable="false" MaxLength="40" sap:label="Description" sap:creatable="false" sap:updatable="false" sap:sortable="false" sap:filterable="false"/>
                <Property Name="Supfloc" Type="Edm.String" Nullable="false" MaxLength="30" sap:label="SupFunctLoc." sap:creatable="false" sap:updatable="false" sap:sortable="false" sap:filterable="false"/>
                <Property Name="Planplant" Type="Edm.String" Nullable="false" MaxLength="4" sap:label="Planning plant" sap:creatable="false" sap:updatable="false" sap:sortable="false" sap:filterable="false"/>
                <Property Name="Maintplant" Type="Edm.String" Nullable="false" MaxLength="4" sap:label="MaintPlant" sap:creatable="false" sap:updatable="false" sap:sortable="false" sap:filterable="false"/>
                <Property Name="Plangroup" Type="Edm.String" Nullable="false" MaxLength="3" sap:label="Planner group" sap:creatable="false" sap:updatable="false" sap:sortable="false" sap:filterable="false"/>
                <Property Name="UserName" Type="Edm.String" Nullable="false" MaxLength="12" sap:label="User Name" sap:creatable="false" sap:updatable="false" sap:sortable="false" sap:filterable="false"/>
                <Property Name="Equipment" Type="Edm.String" Nullable="false" MaxLength="18" sap:label="Equipment" sap:creatable="false" sap:updatable="false" sap:sortable="false" sap:filterable="false"/>
                <Property Name="FullName" Type="Edm.String" Nullable="false" sap:label="FULL_NAME" sap:creatable="false" sap:updatable="false" sap:sortable="false" sap:filterable="false"/>
            </EntityType>
            <EntityType Name="Plant" sap:content-version="1">
                <Key>
                    <PropertyRef Name="Werks"/>
                </Key>
                <Property Name="Werks" Type="Edm.String" Nullable="false" MaxLength="4" sap:label="Plant" sap:creatable="false" sap:updatable="false" sap:sortable="false" sap:filterable="false"/>
                <Property Name="Name1" Type="Edm.String" Nullable="false" MaxLength="30" sap:label="Name 1" sap:creatable="false" sap:updatable="false" sap:sortable="false" sap:filterable="false"/>
                <NavigationProperty Name="PlantToRequests" Relationship="ZNOTIFICATION_DEMO_SRV.PlantToMaintRequest" FromRole="FromRole_PlantToMaintRequest" ToRole="ToRole_PlantToMaintRequest"/>
            </EntityType>
            <EntityType Name="MaintRequest" sap:content-version="1">
                <Key>
                    <PropertyRef Name="NotificationNo"/>
                </Key>
                <Property Name="NotificationNo" Type="Edm.String" Nullable="false" MaxLength="12" sap:label="Notification" sap:creatable="false" sap:updatable="false" sap:sortable="false" sap:filterable="false"/>
                <Property Name="Equipment" Type="Edm.String" MaxLength="18" sap:label="Equipment" sap:sortable="false" sap:filterable="false"/>
                <Property Name="FunctionalLocID" Type="Edm.String" Nullable="false" MaxLength="30" sap:label="Functional loc." sap:sortable="false" sap:filterable="false"/>
                <Property Name="MaintPlant" Type="Edm.String" Nullable="false" MaxLength="4" sap:label="MaintPlant" sap:sortable="false" sap:filterable="false"/>
                <Property Name="PlanPlant" Type="Edm.String" Nullable="false" MaxLength="4" sap:label="Planning plant" sap:sortable="false" sap:filterable="false"/>
                <Property Name="PlanGroup" Type="Edm.String" Nullable="false" MaxLength="3" sap:label="Planner group" sap:sortable="false" sap:filterable="false"/>
                <Property Name="ShortText" Type="Edm.String" Nullable="false" MaxLength="40" sap:label="Description" sap:sortable="false" sap:filterable="false"/>
                <Property Name="LongText" Type="Edm.String" Nullable="false" MaxLength="256" sap:label="char256" sap:sortable="false" sap:filterable="false"/>
                <Property Name="Priority" Type="Edm.String" Nullable="false" MaxLength="1" sap:label="Priority" sap:sortable="false" sap:filterable="false"/>
                <Property Name="ReportedBy" Type="Edm.String" Nullable="false" MaxLength="12" sap:label="Reported by" sap:sortable="false" sap:filterable="false"/>
                <Property Name="Breakdown" Type="Edm.String" Nullable="false" MaxLength="1" sap:label="Breakdown" sap:sortable="false" sap:filterable="false"/>
                <Property Name="MalfunctionStartTimestamp" Type="Edm.DateTime" Precision="7" sap:label="Time Stamp" sap:sortable="false" sap:filterable="false"/>
                <Property Name="SearchString" Type="Edm.String" Nullable="false" MaxLength="30" sap:label="30 Characters" sap:sortable="false" sap:filterable="false"/>
                <Property Name="Coding" Type="Edm.String" Nullable="false" MaxLength="4" sap:label="Coding" sap:sortable="false" sap:filterable="false"/>
                <Property Name="UserStatus" Type="Edm.String" Nullable="false" MaxLength="40" sap:label="User status" sap:sortable="false" sap:filterable="false"/>
                <Property Name="UserStatusText" Type="Edm.String" Nullable="false" MaxLength="30" sap:label="Status" sap:sortable="false" sap:filterable="false"/>
                <Property Name="AllowApprove" Type="Edm.String" Nullable="false" MaxLength="1" sap:label="Boolean Variable (X=True, -=False, Space=Unknown)" sap:sortable="false" sap:filterable="false"/>
                <Property Name="CreatedBy" Type="Edm.String" Nullable="false" MaxLength="12" sap:label="Created by" sap:sortable="false" sap:filterable="false"/>
                <Property Name="CreatedOnTimestamp" Type="Edm.DateTime" Precision="7" sap:label="Time Stamp" sap:sortable="false" sap:filterable="false"/>
                <Property Name="EquipmentText" Type="Edm.String" Nullable="false" MaxLength="40" sap:label="Description" sap:sortable="false" sap:filterable="false"/>
                <Property Name="FunctionalLocText" Type="Edm.String" Nullable="false" MaxLength="40" sap:label="Description" sap:sortable="false" sap:filterable="false"/>
            </EntityType>
            <Association Name="PlantToMaintRequest" sap:content-version="1" sap:label="AssocPlantToMaintRequest">
                <End Type="ZNOTIFICATION_DEMO_SRV.Plant" Multiplicity="1" Role="FromRole_PlantToMaintRequest"/>
                <End Type="ZNOTIFICATION_DEMO_SRV.MaintRequest" Multiplicity="*" Role="ToRole_PlantToMaintRequest"/>
                <ReferentialConstraint>
                    <Principal Role="FromRole_PlantToMaintRequest">
                        <PropertyRef Name="Werks"/>
                    </Principal>
                    <Dependent Role="ToRole_PlantToMaintRequest">
                        <PropertyRef Name="MaintPlant"/>
                    </Dependent>
                </ReferentialConstraint>
            </Association>
            <EntityContainer Name="ZNOTIFICATION_DEMO_SRV_Entities" m:IsDefaultEntityContainer="true">
                <EntitySet Name="FunctionalLocSet" EntityType="ZNOTIFICATION_DEMO_SRV.FunctionalLoc" sap:creatable="false" sap:updatable="false" sap:deletable="false" sap:pageable="false" sap:content-version="1"/>
                <EntitySet Name="PlantSet" EntityType="ZNOTIFICATION_DEMO_SRV.Plant" sap:creatable="false" sap:updatable="false" sap:deletable="false" sap:pageable="false" sap:content-version="1"/>
                <EntitySet Name="MaintRequestSet" EntityType="ZNOTIFICATION_DEMO_SRV.MaintRequest" sap:deletable="false" sap:pageable="false" sap:content-version="1"/>
                <EntitySet Name="EquipmentSet" EntityType="ZNOTIFICATION_DEMO_SRV.Equipment" sap:creatable="false" sap:updatable="false" sap:deletable="false" sap:pageable="false" sap:content-version="1"/>
                <AssociationSet Name="PlantToMaintRequestSet" Association="ZNOTIFICATION_DEMO_SRV.PlantToMaintRequest" sap:label="AssocSetPlantToMaintRequestSet" sap:creatable="false" sap:updatable="false" sap:deletable="false" sap:content-version="1">
                    <End EntitySet="PlantSet" Role="FromRole_PlantToMaintRequest"/>
                    <End EntitySet="MaintRequestSet" Role="ToRole_PlantToMaintRequest"/>
                </AssociationSet>
            </EntityContainer>
            <atom:link
                xmlns:atom="http://www.w3.org/2005/Atom" rel="self" href="./sap/ZNOTIFICATION_DEMO_SRV/$metadata"/>
                <atom:link
                    xmlns:atom="http://www.w3.org/2005/Atom" rel="latest-version" href="./sap/ZNOTIFICATION_DEMO_SRV/$metadata"/>
                </Schema>
            </edmx:DataServices>
        </edmx:Edmx>